INSERT INTO Client
    (ClientName, HGAM, Contact)
VALUES
    ('Goctor and Pramble', 'Brad Cook', 'Mr. Clean'),
    ('JustinTime', 'Brad Cook', 'Cleany McCleanerson');

INSERT INTO Brand
    (BrandName, ClientID)
VALUES
    ('Squeaky Clean', 1),
    ('Clean Cleaners', 1);

INSERT INTO Item
    (Alias, Sku, SizeOZ, ItemGroup, Category, BrandID)
VALUES
    ('Cleaner Foaming Spray 13oz', '138584', 13, 'Spray', 'Cleaner', 1),
    ('Cleaner Liquid 14oz', '225806', 14, 'Liquid', 'Cleaner', 1),
    ('Cleaner Liquid 64oz', '985357', 64, 'Liquid', 'Cleaner', 1),
    ('Cleaner Specialty Canister 9oz', '782627', 9, 'Canister', 'Cleaner', 1),
    ('Cleaner Specialty Foaming Spray 16oz', '132294', 16, 'Spray', 'Cleaner', 1),
    ('Cleaner Specialty Liquid 21oz', '737915', 21, 'Liquid', 'Cleaner', 1);

INSERT INTO SalesProfile
    (ProfileID, ProfileName, UnitCost, Multiplier, LeadTime, isDefaultProfile, ItemID, BrandID, ClientID, IsGeneral)
VALUES
    ('Cleaner Foaming Spray 13oz', 3.13, 7, 'YES', 1, 1, 1, 'NO')
('Cleaner Liquid 14oz', 3.87, 7, 'YES', 2, 1, 1, 'NO')
('Cleaner Liquid 64oz', 16.51, 7, 'YES', 3, 1, 1, 'NO')
('Cleaner Specialty Canister 9oz', 6.53,, 10, 'YES', 4, 1, 1, 'NO')
('Cleaner Specialty Foaming Spray', 4.02, 10, 'YES', 5, 1, 1, 'NO')
('Cleaner Specialty Liquid 21oz', 6.07, 5, 'YES', 6, 1, 1, 'NO');

INSERT INTO WM_Date
    (WMWeek, CalYear, WeekStart, Month, Season)
VALUES
    ('201901', '2019', '1/26/2019', 'Jan', 'Winter'),
    ('201902', '2019', '2/2/2019', 'Feb', 'Winter'),
    ('201903', '2019', '2/9/2019', 'Feb', 'Winter'),
    ('201904', '2019', '2/16/2019', 'Feb', 'Winter'),
    ('201905', '2019', '2/23/2019', 'Feb', 'Winter'),
    ('201906', '2019', '3/2/2019', 'Mar', 'Spring'),
    ('201907', '2019', '3/9/2019', 'Mar', 'Spring'),
    ('201908', '2019', '3/16/2019', 'Mar', 'Spring'),
    ('201909', '2019', '3/23/2019', 'Mar', 'Spring'),
    ('201910', '2019', '3/30/2019', 'Mar', 'Spring'),
    ('201911', '2019', '4/6/2019', 'Apr', 'Spring'),
    ('201912', '2019', '4/13/2019', 'Apr', 'Spring'),
    ('201913', '2019', '4/20/2019', 'Apr', 'Spring'),
    ('201914', '2019', '4/27/2019', 'Apr', 'Spring'),
    ('201915', '2019', '5/4/2019', 'May', 'Spring'),
    ('201916', '2019', '5/11/2019', 'May', 'Spring'),
    ('201917', '2019', '5/18/2019', 'May', 'Spring'),
    ('201918', '2019', '5/25/2019', 'May', 'Spring'),
    ('201919', '2019', '6/1/2019', 'Jun', 'Summer'),
    ('201920', '2019', '6/8/2019', 'Jun', 'Summer'),
    ('201921', '2019', '6/15/2019', 'Jun', 'Summer'),
    ('201922', '2019', '6/22/2019', 'Jun', 'Summer'),
    ('201923', '2019', '6/29/2019', 'Jun', 'Summer'),
    ('201924', '2019', '7/6/2019', 'Jul', 'Summer'),
    ('201925', '2019', '7/13/2019', 'Jul', 'Summer'),
    ('201926', '2019', '7/20/2019', 'Jul', 'Summer'),
    ('201927', '2019', '7/27/2019', 'Jul', 'Summer'),
    ('201928', '2019', '8/3/2019', 'Aug', 'Summer'),
    ('201929', '2019', '8/10/2019', 'Aug', 'Summer'),
    ('201930', '2019', '8/17/2019', 'Aug', 'Summer'),
    ('201931', '2019', '8/24/2019', 'Aug', 'Summer'),
    ('201932', '2019', '8/31/2019', 'Aug', 'Summer'),
    ('201933', '2019', '9/7/2019', 'Sep', 'Fall'),
    ('201934', '2019', '9/14/2019', 'Sep', 'Fall'),
    ('201935', '2019', '9/21/2019', 'Sep', 'Fall'),
    ('201936', '2019', '9/28/2019', 'Sep', 'Fall'),
    ('201937', '2019', '10/5/2019', 'Oct', 'Fall'),
    ('201938', '2019', '10/12/2019', 'Oct', 'Fall'),
    ('201939', '2019', '10/19/2019', 'Oct', 'Fall'),
    ('201940', '2019', '10/26/2019', 'Oct', 'Fall'),
    ('201941', '2019', '11/2/2019', 'Nov', 'Fall'),
    ('201942', '2019', '11/9/2019', 'Nov', 'Fall'),
    ('201943', '2019', '11/16/2019', 'Nov', 'Fall'),
    ('201944', '2019', '11/23/2019', 'Nov', 'Fall'),
    ('201945', '2019', '11/30/2019', 'Nov', 'Fall'),
    ('201946', '2019', '12/7/2019', 'Dec', 'Summer'),
    ('201947', '2019', '12/14/2019', 'Dec', 'Summer'),
    ('201948', '2019', '12/21/2019', 'Dec', 'Summer'),
    ('201949', '2019', '12/28/2019', 'Dec', 'Summer'),
    ('201950', '2019', '1/4/2020', 'Jan', 'Winter'),
    ('201951', '2019', '1/11/2020', 'Jan', 'Winter'),
    ('201952', '2019', '1/18/2020', 'Jan', 'Winter'),
    ('202101', '2021', '1/30/2021', 'Feb', 'Winter'),
    ('202102', '2021', '2/6/2021', 'Feb', 'Winter'),
    ('202103', '2021', '2/13/2021', 'Feb', 'Winter'),
    ('202104', '2021', '2/20/2021', 'Feb', 'Winter'),
    ('202105', '2021', '2/27/2021', 'Mar', 'Spring'),
    ('202106', '2021', '3/6/2021', 'Mar', 'Spring'),
    ('202107', '2021', '3/13/2021', 'Mar', 'Spring'),
    ('202108', '2021', '3/20/2021', 'Mar', 'Spring'),
    ('202109', '2021', '3/27/2021', 'Mar', 'Spring'),
    ('202110', '2021', '4/3/2021', 'Apr', 'Spring'),
    ('202111', '2021', '4/10/2021', 'Apr', 'Spring'),
    ('202112', '2021', '4/17/2021', 'Apr', 'Spring'),
    ('202113', '2021', '4/24/2021', 'Apr', 'Spring'),
    ('202114', '2021', '5/1/2021', 'May', 'Spring'),
    ('202115', '2021', '5/8/2021', 'May', 'Spring'),
    ('202116', '2021', '5/15/2021', 'May', 'Spring'),
    ('202117', '2021', '5/22/2021', 'May', 'Spring'),
    ('202118', '2021', '5/29/2021', 'Jun', 'Summer'),
    ('202119', '2021', '6/5/2021', 'Jun', 'Summer'),
    ('202120', '2021', '6/12/2021', 'Jun', 'Summer'),
    ('202121', '2021', '6/19/2021', 'Jun', 'Summer'),
    ('202122', '2021', '6/26/2021', 'Jun', 'Summer'),
    ('202123', '2021', '7/3/2021', 'Jul', 'Summer'),
    ('202124', '2021', '7/10/2021', 'Jul', 'Summer'),
    ('202125', '2021', '7/17/2021', 'Jul', 'Summer'),
    ('202126', '2021', '7/24/2021', 'Jul', 'Summer'),
    ('202127', '2021', '7/31/2021', 'Aug', 'Summer'),
    ('202128', '2021', '8/7/2021', 'Aug', 'Summer'),
    ('202129', '2021', '8/14/2021', 'Aug', 'Summer'),
    ('202130', '2021', '8/21/2021', 'Aug', 'Summer'),
    ('202131', '2021', '8/28/2021', 'Sep', 'Fall'),
    ('202132', '2021', '9/4/2021', 'Sep', 'Fall'),
    ('202133', '2021', '9/11/2021', 'Sep', 'Fall'),
    ('202134', '2021', '9/18/2021', 'Sep', 'Fall'),
    ('202135', '2021', '9/25/2021', 'Sep', 'Fall'),
    ('202136', '2021', '10/2/2021', 'Oct', 'Fall'),
    ('202137', '2021', '10/9/2021', 'Oct', 'Fall'),
    ('202138', '2021', '10/16/2021', 'Oct', 'Fall'),
    ('202139', '2021', '10/23/2021', 'Oct', 'Fall'),
    ('202140', '2021', '10/30/2021', 'Nov', 'Fall'),
    ('202141', '2021', '11/6/2021', 'Nov', 'Fall'),
    ('202142', '2021', '11/13/2021', 'Nov', 'Fall'),
    ('202143', '2021', '11/20/2021', 'Nov', 'Fall'),
    ('202144', '2021', '11/27/2021', 'Dec', 'Winter'),
    ('202145', '2021', '12/4/2021', 'Dec', 'Winter'),
    ('202146', '2021', '12/11/2021', 'Dec', 'Winter'),
    ('202147', '2021', '12/18/2021', 'Dec', 'Winter'),
    ('202148', '2021', '12/25/2021', 'Dec', 'Winter'),
    ('202149', '2022', '1/1/2022', 'Jan', 'Winter'),
    ('202150', '2022', '1/8/2022', 'Jan', 'Winter'),
    ('202151', '2022', '1/15/2022', 'Jan', 'Winter'),
    ('202152', '2022', '1/22/2022', 'Jan', 'Winter');

INSERT INTO Historical
    (WMWeek, ItemID, UnitCost, StoreCount, POSQuantity)
VALUES
    ('201901', 1, 3.13, 4572, 13826),
    ('201902', 1, 3.13, 4572, 15985),
    ('201903', 1, 3.13, 4572, 17107),
    ('201904', 1, 3.13, 4572, 17024),
    ('201905', 1, 3.13, 4572, 15748),
    ('201906', 1, 3.13, 4572, 16093),
    ('201907', 1, 3.13, 4573, 16624),
    ('201908', 1, 3.13, 4573, 17085),
    ('201909', 1, 3.13, 4573, 14703),
    ('201910', 1, 3.13, 4574, 15375),
    ('201911', 1, 3.13, 4576, 14505),
    ('201912', 1, 3.13, 4579, 16518),
    ('201913', 1, 3.13, 4579, 15147),
    ('201914', 1, 3.13, 4579, 14504),
    ('201915', 1, 3.13, 4579, 16326),
    ('201916', 1, 3.13, 4579, 16172),
    ('201917', 1, 3.13, 4579, 16573),
    ('201918', 1, 3.13, 4579, 15965),
    ('201919', 1, 3.13, 4579, 16869),
    ('201920', 1, 3.13, 4579, 18525),
    ('201921', 1, 3.13, 4580, 17850),
    ('201922', 1, 3.13, 4578, 16241),
    ('201923', 1, 3.13, 4578, 17712),
    ('201924', 1, 3.13, 4578, 17174),
    ('201925', 1, 3.13, 4579, 17520),
    ('201926', 1, 3.13, 4579, 17437),
    ('201927', 1, 3.13, 4579, 17523),
    ('201928', 1, 3.13, 4578, 17618),
    ('201929', 1, 3.13, 4578, 17653),
    ('201930', 1, 3.13, 4578, 18617),
    ('201931', 1, 3.13, 4579, 17784),
    ('201932', 1, 3.13, 4578, 17304),
    ('201933', 1, 3.13, 4579, 17026),
    ('201934', 1, 3.13, 4579, 18250),
    ('201935', 1, 3.13, 4579, 17979),
    ('201936', 1, 3.13, 4579, 18185),
    ('201937', 1, 3.13, 4580, 17345),
    ('201938', 1, 3.13, 4579, 16430),
    ('201939', 1, 3.13, 4580, 16835),
    ('201940', 1, 3.13, 4579, 15942),
    ('201941', 1, 3.13, 4579, 15941),
    ('201942', 1, 3.13, 4579, 15118),
    ('201943', 1, 3.13, 4579, 13801),
    ('201944', 1, 3.13, 4578, 14896),
    ('201945', 1, 3.13, 4578, 16236),
    ('201946', 1, 3.13, 4578, 14885),
    ('201947', 1, 3.13, 4578, 18391),
    ('201948', 1, 3.13, 4574, 17351),
    ('201949', 1, 3.13, 4575, 16053),
    ('201950', 1, 3.13, 4575, 15916),
    ('201951', 1, 3.13, 4575, 15787),
    ('201952', 1, 3.13, 4575, 15773),
    ('201901', 2, 3.87, 4783, 21581),
    ('201902', 2, 3.87, 4783, 21855),
    ('201903', 2, 3.87, 4783, 22931),
    ('201904', 2, 3.87, 4783, 22451),
    ('201905', 2, 3.87, 4783, 21228),
    ('201906', 2, 3.87, 4783, 21372),
    ('201907', 2, 3.87, 4784, 20732),
    ('201908', 2, 3.87, 4784, 21453),
    ('201909', 2, 3.87, 4784, 19910),
    ('201910', 2, 3.87, 4784, 20395),
    ('201911', 2, 3.87, 4784, 18367),
    ('201912', 2, 3.87, 4785, 19534),
    ('201913', 2, 3.87, 4785, 18974),
    ('201914', 2, 3.87, 4785, 18684),
    ('201915', 2, 3.87, 4786, 20459),
    ('201916', 2, 3.87, 4786, 20328),
    ('201917', 2, 3.87, 4786, 21109),
    ('201918', 2, 3.87, 4786, 20709),
    ('201919', 2, 3.87, 4786, 21121),
    ('201920', 2, 3.87, 4785, 22161),
    ('201921', 2, 3.87, 4786, 22433),
    ('201922', 2, 3.87, 4785, 20378),
    ('201923', 2, 3.87, 4785, 22326),
    ('201924', 2, 3.87, 4784, 22231),
    ('201925', 2, 3.87, 4784, 22839),
    ('201926', 2, 3.87, 4783, 22943),
    ('201927', 2, 3.87, 4783, 22717),
    ('201928', 2, 3.87, 4782, 23162),
    ('201929', 2, 3.87, 4782, 23082),
    ('201930', 2, 3.87, 4782, 23899),
    ('201931', 2, 3.87, 4783, 23070),
    ('201932', 2, 3.87, 4781, 22369),
    ('201933', 2, 3.87, 4782, 22297),
    ('201934', 2, 3.87, 4782, 23511),
    ('201935', 2, 3.87, 4782, 22804),
    ('201936', 2, 3.87, 4782, 23025),
    ('201937', 2, 3.87, 4783, 22378),
    ('201938', 2, 3.87, 4782, 21836),
    ('201939', 2, 3.87, 4783, 22372),
    ('201940', 2, 3.87, 4782, 21676),
    ('201941', 2, 3.87, 4782, 21943),
    ('201942', 2, 3.87, 4782, 20231),
    ('201943', 2, 3.87, 4782, 19466),
    ('201944', 2, 3.87, 4781, 19907),
    ('201945', 2, 3.87, 4781, 20253),
    ('201946', 2, 3.87, 4781, 18938),
    ('201947', 2, 3.87, 4781, 22628),
    ('201948', 2, 3.87, 4776, 22616),
    ('201949', 2, 3.87, 4776, 21466),
    ('201950', 2, 3.87, 4776, 21585),
    ('201951', 2, 3.87, 4776, 21573),
    ('201952', 2, 3.87, 4776, 21347),
    ('201901', 3, 16.51, 665, 438),
    ('201902', 3, 16.51, 665, 489),
    ('201903', 3, 16.51, 667, 471),
    ('201904', 3, 16.51, 667, 503),
    ('201905', 3, 16.51, 667, 439),
    ('201906', 3, 16.51, 667, 473),
    ('201907', 3, 16.51, 673, 485),
    ('201908', 3, 16.51, 674, 454),
    ('201909', 3, 16.51, 680, 457),
    ('201910', 3, 16.51, 684, 410),
    ('201911', 3, 16.51, 683, 382),
    ('201912', 3, 16.51, 691, 427),
    ('201913', 3, 16.51, 694, 406),
    ('201914', 3, 16.51, 694, 402),
    ('201915', 3, 16.51, 694, 445),
    ('201916', 3, 16.51, 695, 455),
    ('201917', 3, 16.51, 695, 440),
    ('201918', 3, 16.51, 696, 420),
    ('201919', 3, 16.51, 696, 439),
    ('201920', 3, 16.51, 696, 532),
    ('201921', 3, 16.51, 701, 436),
    ('201922', 3, 16.51, 702, 479),
    ('201923', 3, 16.51, 702, 468),
    ('201924', 3, 16.51, 709, 471),
    ('201925', 3, 16.51, 715, 468),
    ('201926', 3, 16.51, 716, 495),
    ('201927', 3, 16.51, 716, 497),
    ('201928', 3, 16.51, 716, 474),
    ('201929', 3, 16.51, 716, 479),
    ('201930', 3, 16.51, 716, 522),
    ('201931', 3, 16.51, 716, 457),
    ('201932', 3, 16.51, 716, 454),
    ('201933', 3, 16.51, 716, 426),
    ('201934', 3, 16.51, 716, 461),
    ('201935', 3, 16.51, 716, 458),
    ('201936', 3, 16.51, 716, 490),
    ('201937', 3, 16.51, 716, 461),
    ('201938', 3, 16.51, 716, 468),
    ('201939', 3, 16.51, 716, 513),
    ('201940', 3, 16.51, 716, 437),
    ('201941', 3, 16.51, 716, 492),
    ('201942', 3, 16.51, 716, 446),
    ('201943', 3, 16.51, 716, 393),
    ('201944', 3, 16.51, 716, 414),
    ('201945', 3, 16.51, 716, 426),
    ('201946', 3, 16.51, 716, 417),
    ('201947', 3, 16.51, 722, 459),
    ('201948', 3, 16.51, 728, 512),
    ('201949', 3, 16.51, 729, 417),
    ('201950', 3, 16.51, 730, 478),
    ('201951', 3, 16.51, 731, 447),
    ('201952', 3, 16.51, 731, 440),
    ('201901', 4, 6.53, 0, 1),
    ('201902', 4, 6.53, 0, 0),
    ('201903', 4, 6.53, 0, 5),
    ('201904', 4, 6.53, 0, 2),
    ('201905', 4, 6.53, 0, 0),
    ('201906', 4, 6.53, 0, 2),
    ('201907', 4, 6.53, 0, 0),
    ('201908', 4, 6.53, 0, 1),
    ('201909', 4, 6.53, 0, 2),
    ('201910', 4, 6.53, 0, 2),
    ('201911', 4, 6.53, 0, 0),
    ('201912', 4, 6.53, 0, 2),
    ('201913', 4, 6.53, 0, 0),
    ('201914', 4, 6.53, 0, 6),
    ('201915', 4, 6.53, 0, 7),
    ('201916', 4, 6.53, 0, 6),
    ('201917', 4, 6.53, 0, 0),
    ('201918', 4, 6.53, 0, 0),
    ('201919', 4, 6.53, 0, 1),
    ('201920', 4, 6.53, 0, 4),
    ('201921', 4, 6.53, 0, 1),
    ('201922', 4, 6.53, 0, 2),
    ('201923', 4, 6.53, 0, 1),
    ('201924', 4, 6.53, 0, 4),
    ('201925', 4, 6.53, 0, 1),
    ('201926', 4, 6.53, 1971, 0),
    ('201927', 4, 6.53, 1965, 28),
    ('201928', 4, 6.53, 1966, 181),
    ('201929', 4, 6.53, 1967, 269),
    ('201930', 4, 6.53, 1967, 347),
    ('201931', 4, 6.53, 1968, 307),
    ('201932', 4, 6.53, 1968, 316),
    ('201933', 4, 6.53, 1968, 355),
    ('201934', 4, 6.53, 1968, 399),
    ('201935', 4, 6.53, 1968, 377),
    ('201936', 4, 6.53, 1969, 374),
    ('201937', 4, 6.53, 1969, 405),
    ('201938', 4, 6.53, 1969, 389),
    ('201939', 4, 6.53, 1969, 398),
    ('201940', 4, 6.53, 1969, 448),
    ('201941', 4, 6.53, 1969, 364),
    ('201942', 4, 6.53, 1969, 504),
    ('201943', 4, 6.53, 1969, 434),
    ('201944', 4, 6.53, 1969, 375),
    ('201945', 4, 6.53, 1969, 341),
    ('201946', 4, 6.53, 1969, 402),
    ('201947', 4, 6.53, 1971, 524),
    ('201948', 4, 6.53, 1973, 440),
    ('201949', 4, 6.53, 1976, 405),
    ('201950', 4, 6.53, 1977, 458),
    ('201951', 4, 6.53, 1978, 403),
    ('201952', 4, 6.53, 1978, 399),
    ('201901', 5, 4.02, 4561, 12101),
    ('201902', 5, 4.02, 4561, 14928),
    ('201903', 5, 4.02, 4561, 17270),
    ('201904', 5, 4.02, 4561, 16434),
    ('201905', 5, 4.02, 4561, 16047),
    ('201906', 5, 4.02, 4561, 16246),
    ('201907', 5, 4.02, 4562, 16002),
    ('201908', 5, 4.02, 4562, 16042),
    ('201909', 5, 4.02, 4562, 15200),
    ('201910', 5, 4.02, 4563, 15232),
    ('201911', 5, 4.02, 4565, 14359),
    ('201912', 5, 4.02, 4569, 15810),
    ('201913', 5, 4.02, 4569, 15404),
    ('201914', 5, 4.02, 4569, 14932),
    ('201915', 5, 4.02, 4569, 17274),
    ('201916', 5, 4.02, 4569, 17307),
    ('201917', 5, 4.02, 4569, 16804),
    ('201918', 5, 4.02, 4569, 16331),
    ('201919', 5, 4.02, 4569, 17039),
    ('201920', 5, 4.02, 4569, 18780),
    ('201921', 5, 4.02, 4570, 17807),
    ('201922', 5, 4.02, 4568, 15934),
    ('201923', 5, 4.02, 4568, 16448),
    ('201924', 5, 4.02, 4568, 16557),
    ('201925', 5, 4.02, 4569, 16614),
    ('201926', 5, 4.02, 4569, 16157),
    ('201927', 5, 4.02, 4569, 16615),
    ('201928', 5, 4.02, 4568, 17845),
    ('201929', 5, 4.02, 4568, 17485),
    ('201930', 5, 4.02, 4568, 17800),
    ('201931', 5, 4.02, 4569, 17064),
    ('201932', 5, 4.02, 4568, 16284),
    ('201933', 5, 4.02, 4569, 15719),
    ('201934', 5, 4.02, 4569, 17118),
    ('201935', 5, 4.02, 4569, 17176),
    ('201936', 5, 4.02, 4569, 16460),
    ('201937', 5, 4.02, 4570, 15942),
    ('201938', 5, 4.02, 4569, 15330),
    ('201939', 5, 4.02, 4570, 15927),
    ('201940', 5, 4.02, 4569, 14259),
    ('201941', 5, 4.02, 4569, 14124),
    ('201942', 5, 4.02, 4569, 13857),
    ('201943', 5, 4.02, 4569, 12120),
    ('201944', 5, 4.02, 4568, 13367),
    ('201945', 5, 4.02, 4568, 15199),
    ('201946', 5, 4.02, 4568, 14057),
    ('201947', 5, 4.02, 4568, 17235),
    ('201948', 5, 4.02, 4564, 15883),
    ('201949', 5, 4.02, 4565, 15126),
    ('201950', 5, 4.02, 4565, 14753),
    ('201951', 5, 4.02, 4565, 14327),
    ('201952', 5, 4.02, 4565, 15017),
    ('201901', 6, 6.07, 1999, 600),
    ('201902', 6, 6.07, 1999, 631),
    ('201903', 6, 6.07, 1999, 714),
    ('201904', 6, 6.07, 1999, 658),
    ('201905', 6, 6.07, 1999, 706),
    ('201906', 6, 6.07, 1998, 668),
    ('201907', 6, 6.07, 1999, 655),
    ('201908', 6, 6.07, 1999, 658),
    ('201909', 6, 6.07, 1998, 606),
    ('201910', 6, 6.02, 1996, 612),
    ('201911', 6, 6.07, 1997, 581),
    ('201912', 6, 6.07, 1995, 548),
    ('201913', 6, 6.07, 1993, 620),
    ('201914', 6, 6.02, 1991, 587),
    ('201915', 6, 6.07, 1990, 591),
    ('201916', 6, 6.07, 1990, 654),
    ('201917', 6, 6.02, 1990, 671),
    ('201918', 6, 6.07, 1990, 628),
    ('201919', 6, 6.07, 1990, 586),
    ('201920', 6, 6.07, 1987, 729),
    ('201921', 6, 6.07, 1990, 777),
    ('201922', 6, 6.07, 1990, 680),
    ('201923', 6, 6.07, 1987, 699),
    ('201924', 6, 6.07, 1986, 633),
    ('201925', 6, 6.07, 1983, 834),
    ('201926', 6, 6.07, 1, 1013),
    ('201927', 6, 6.07, 1, 1571),
    ('201928', 6, 6.07, 1, 2296),
    ('201929', 6, 6.07, 1, 2273),
    ('201930', 6, 6.07, 1, 921),
    ('201931', 6, 6.07, 1, 436),
    ('201932', 6, 6.07, 1, 230),
    ('201933', 6, 6.07, 1, 116),
    ('201934', 6, 6.07, 1, 90),
    ('201935', 6, 6.07, 1, 48),
    ('201936', 6, 6.07, 1, 40),
    ('201937', 6, 6.07, 1, 24),
    ('201938', 6, 6.07, 1, 34),
    ('201939', 6, 6.07, 1, 16),
    ('201940', 6, 6.02, 1, 11),
    ('201941', 6, 6.07, 1, 23),
    ('201942', 6, 6.07, 1, 7),
    ('201943', 6, 6.07, 1, 13),
    ('201944', 6, 6.07, 1, 9),
    ('201945', 6, 6.07, 1, 6),
    ('201946', 6, 6.02, 1, 5),
    ('201947', 6, 6.07, 1, 5),
    ('201948', 6, 6.07, 1, 12),
    ('201949', 6, 6.07, 1, 17),
    ('201950', 6, 6.07, 1, 5),
    ('201951', 6, 6.07, 1, 17),
    ('201952', 6, 6.07, 1, 19);